tool		symbiotic 9.0.0-dev-b34dd3a1	symbiotic 9.0.0-dev-b34dd3a1	symbiotic 9.0.0-dev-b34dd3a1	symbiotic 9.0.0-dev-b34dd3a1	VeriFuzz 1.2.11	VeriFuzz 1.2.11	VeriFuzz 1.2.11	VeriFuzz 1.2.11
run set		symbiotic.SV-COMP23_termination.Termination-Other	symbiotic.SV-COMP23_termination.Termination-Other	symbiotic.SV-COMP23_termination.Termination-Other	symbiotic.SV-COMP23_termination.Termination-Other	verifuzz.SV-COMP23_termination.Termination-Other	verifuzz.SV-COMP23_termination.Termination-Other	verifuzz.SV-COMP23_termination.Termination-Other	verifuzz.SV-COMP23_termination.Termination-Other
https://sv-comp.sosy-lab.org/2023/results/sv-benchmarks/c/		status	cputime (s)	walltime (s)	memUsage	status	cputime (s)	walltime (s)	memUsage
array-examples/standard_sentinel-2.yml	true	TIMEOUT (verification)				ERROR			
array-examples/standard_vararg_ground.yml	true	TIMEOUT (verification)				ERROR			
array-industry-pattern/array_mul_init.yml	true	OUT OF MEMORY (KILLED (signal 9, verification))				ERROR			
array-industry-pattern/array_shadowinit.yml	true	TIMEOUT (verification)				true	1.922160771	1.1090918080881238	
bitvector/jain_1-1.yml	false	false(termination)	0.795148415	0.7837680979864672		ERROR			
bitvector/jain_2-1.yml	false	false(termination)	1.120532361	1.1096176019636914		ERROR			
bitvector/jain_4-2.yml	false	false(termination)	1.506205473	1.4934760889736935		ERROR			
bitvector/jain_6-1.yml	false	false(termination)	1.483234047	1.471536751021631		ERROR			
bitvector/jain_7-2.yml	false	false(termination)	1.564068684	1.5533415749669075		ERROR			
bitvector/s3_srvr_2a.BV.c.cil.yml	false	false(termination)	12.467628021	12.461875810986385		true			
bitvector/s3_srvr_2a_alt.BV.c.cil.yml	false	false(termination)	12.654382831	12.643197117955424		true			
bitvector/soft_float_1-2a.c.cil.yml	true	TIMEOUT (verification)				true	2.897268561	1.8604164640419185	
bitvector/soft_float_1-3a.c.cil.yml	true	TIMEOUT (verification)				true	2.74199284	1.7342293590772897	
bitvector/soft_float_3a.c.cil.yml	true	TIMEOUT (verification)				true	2.597538907	1.5628377611283213	
bitvector/soft_float_4-2a.c.cil.yml	true	TIMEOUT (verification)				true	2.698647703	1.6419806680642068	
bitvector/soft_float_4-3a.c.cil.yml	true	TIMEOUT (verification)				true	2.726121503	1.7722665208857507	
bitvector-regression/recHanoi03-1.yml	true	TIMEOUT (verification)				true	1.799329827	0.9283704829867929	
openssl-simplified/s3_srvr_1b.cil.yml	false	TIMEOUT (verification)				ERROR			
locks/test_locks_10.yml	false	TIMEOUT (verification)				false(termination)	251.264707443	251.12616068217903	
locks/test_locks_11.yml	false	TIMEOUT (verification)				false(termination)	253.530386273	253.181051683845	
locks/test_locks_12.yml	false	TIMEOUT (verification)				ERROR			
locks/test_locks_13.yml	false	TIMEOUT (verification)				ERROR			
locks/test_locks_14-1.yml	false	TIMEOUT (verification)				ERROR			
locks/test_locks_14-2.yml	false	TIMEOUT (verification)				ERROR			
locks/test_locks_15-1.yml	false	TIMEOUT (verification)				ERROR			
locks/test_locks_15-2.yml	false	TIMEOUT (verification)				ERROR			
locks/test_locks_5.yml	false	TIMEOUT (verification)				ERROR			
locks/test_locks_6.yml	false	TIMEOUT (verification)				ERROR			
locks/test_locks_7.yml	false	TIMEOUT (verification)				ERROR			
locks/test_locks_8.yml	false	TIMEOUT (verification)				ERROR			
locks/test_locks_9.yml	false	TIMEOUT (verification)				false(termination)	249.201085692	248.8068524270784	
eca-rers2012/Problem04_label11.yml	false	false(termination)	46.155452197	46.1453894819133		ERROR			
eca-rers2012/Problem04_label12.yml	false	false(termination)	46.383642175	46.393061027047224		ERROR			
eca-rers2012/Problem04_label14.yml	false	false(termination)	45.188738342	45.19318272406235		ERROR			
eca-rers2012/Problem04_label17.yml	false	false(termination)	45.809705745	45.798605147050694		ERROR			
eca-rers2012/Problem04_label20.yml	false	false(termination)	48.734370317	48.74351480905898		ERROR			
eca-rers2012/Problem04_label23.yml	false	false(termination)	46.286195677	46.28454208909534		ERROR			
eca-rers2012/Problem04_label24.yml	false	false(termination)	45.110980126	45.101679085055366		ERROR			
eca-rers2012/Problem04_label27.yml	false	false(termination)	44.977432562	44.96936927398201		ERROR			
eca-rers2012/Problem04_label29.yml	false	false(termination)	46.240372869	46.23661635501776		ERROR			
eca-rers2012/Problem04_label36.yml	false	false(termination)	48.157459445	48.49799560196698		ERROR			
eca-rers2012/Problem04_label37.yml	false	false(termination)	47.255088245	47.26187552907504		ERROR			
eca-rers2012/Problem04_label40.yml	false	false(termination)	44.973248373	44.97024885599967		ERROR			
eca-rers2012/Problem04_label42.yml	false	false(termination)	45.601695787	45.61283119302243		ERROR			
eca-rers2012/Problem04_label43.yml	false	false(termination)	43.921192923	43.91159629402682		ERROR			
eca-rers2012/Problem04_label44.yml	false	false(termination)	46.169644719	46.15779120998923		ERROR			
eca-rers2012/Problem04_label46.yml	false	false(termination)	45.915236801	45.9094996569911		ERROR			
eca-rers2012/Problem04_label49.yml	false	false(termination)	45.591802386	45.58175971696619		ERROR			
eca-rers2012/Problem04_label57.yml	false	false(termination)	45.472313668	45.463144639041275		ERROR			
eca-rers2012/Problem04_label58.yml	false	false(termination)	46.46887888	46.4610993770184		ERROR			
eca-rers2012/Problem14_label00.yml	false	false(termination)	5.541435396	5.53267427009996		ERROR			
eca-rers2012/Problem14_label01.yml	false	false(termination)	5.343686654	5.332064640009776		ERROR			
eca-rers2012/Problem14_label02.yml	false	false(termination)	5.234568579	5.2225417860317975		ERROR			
eca-rers2012/Problem14_label03.yml	false	false(termination)	5.248004528	5.238025535014458		ERROR			
eca-rers2012/Problem14_label04.yml	false	false(termination)	5.361434748	5.349240096053109		ERROR			
eca-rers2012/Problem14_label05.yml	false	false(termination)	5.307771079	5.297690581995994		ERROR			
eca-rers2012/Problem14_label06.yml	false	false(termination)	5.265611882	5.255256342003122		ERROR			
eca-rers2012/Problem14_label07.yml	false	false(termination)	5.440779708	5.432959087891504		ERROR			
eca-rers2012/Problem14_label08.yml	false	false(termination)	5.311405186	5.299127195030451		ERROR			
eca-rers2012/Problem14_label09.yml	false	false(termination)	5.267298209	5.256023147027008		ERROR			
eca-rers2012/Problem14_label10.yml	false	false(termination)	5.266781534	5.257017371011898		ERROR			
eca-rers2012/Problem14_label11.yml	false	false(termination)	5.214540941	5.20476349897217		ERROR			
eca-rers2012/Problem14_label12.yml	false	false(termination)	5.306581917	5.347416541073471		ERROR			
eca-rers2012/Problem14_label13.yml	false	false(termination)	5.272933644	5.262953195953742		ERROR			
eca-rers2012/Problem14_label14.yml	false	false(termination)	5.273173251	5.263796070939861		ERROR			
eca-rers2012/Problem14_label15.yml	false	false(termination)	5.279639397	5.267929207999259		ERROR			
eca-rers2012/Problem14_label16.yml	false	false(termination)	5.28212413	5.270430034026504		ERROR			
eca-rers2012/Problem14_label17.yml	false	false(termination)	5.325776238	5.315229543950409		ERROR			
eca-rers2012/Problem14_label18.yml	false	false(termination)	5.523104929	5.511188284959644		ERROR			
eca-rers2012/Problem14_label19.yml	false	false(termination)	5.283982966	5.272472743061371		ERROR			
eca-rers2012/Problem14_label20.yml	false	false(termination)	5.812297398	5.802055567968637		ERROR			
eca-rers2012/Problem14_label21.yml	false	false(termination)	5.271046232	5.260036870953627		ERROR			
eca-rers2012/Problem14_label22.yml	false	false(termination)	5.315315687	5.304100656998344		ERROR			
eca-rers2012/Problem14_label23.yml	false	false(termination)	5.330524105	5.3193360370351		ERROR			
eca-rers2012/Problem14_label24.yml	false	false(termination)	5.273175824	5.265365200932138		ERROR			
eca-rers2012/Problem14_label25.yml	false	false(termination)	7.419945372	7.410229242988862		ERROR			
eca-rers2012/Problem14_label26.yml	false	false(termination)	5.341057488	5.330819698981941		ERROR			
eca-rers2012/Problem14_label27.yml	false	false(termination)	5.482124421	5.4736011789646		ERROR			
eca-rers2012/Problem14_label28.yml	false	false(termination)	5.294615208	5.282576001016423		ERROR			
eca-rers2012/Problem14_label29.yml	false	false(termination)	5.32922487	5.318342149024829		ERROR			
eca-rers2012/Problem14_label30.yml	false	false(termination)	5.261575703	5.251196610974148		ERROR			
eca-rers2012/Problem14_label31.yml	false	false(termination)	5.300533827	5.2886691089952365		ERROR			
eca-rers2012/Problem14_label32.yml	false	false(termination)	5.241503119	5.230903021991253		ERROR			
eca-rers2012/Problem14_label33.yml	false	false(termination)	5.293868555	5.283274197019637		ERROR			
eca-rers2012/Problem14_label34.yml	false	false(termination)	5.476847144	6.020408671931364		ERROR			
eca-rers2012/Problem14_label35.yml	false	false(termination)	5.334697371	5.324048673035577		ERROR			
eca-rers2012/Problem14_label36.yml	false	false(termination)	5.288671487	5.27729228802491		ERROR			
eca-rers2012/Problem14_label37.yml	false	false(termination)	5.370462564	5.358306359034032		ERROR			
eca-rers2012/Problem14_label38.yml	false	false(termination)	5.293917817	5.2822943680221215		ERROR			
eca-rers2012/Problem14_label39.yml	false	false(termination)	5.762736245	5.75119659898337		ERROR			
eca-rers2012/Problem14_label40.yml	false	false(termination)	5.278501079	5.266440880019218		ERROR			
eca-rers2012/Problem14_label41.yml	false	false(termination)	5.289382782	5.278646444086917		ERROR			
eca-rers2012/Problem14_label42.yml	false	false(termination)	5.26775281	5.257535937009379		ERROR			
eca-rers2012/Problem14_label43.yml	false	false(termination)	5.215814712	5.204269748064689		ERROR			
eca-rers2012/Problem14_label44.yml	false	false(termination)	5.352559931	5.917570076067932		ERROR			
eca-rers2012/Problem14_label45.yml	false	false(termination)	5.275968099	5.263834692072123		ERROR			
eca-rers2012/Problem14_label46.yml	false	false(termination)	5.303583062	5.291755393962376		ERROR			
eca-rers2012/Problem14_label47.yml	false	false(termination)	5.314085144	5.303029809030704		ERROR			
eca-rers2012/Problem14_label48.yml	false	false(termination)	5.261378201	5.249671728000976		ERROR			
eca-rers2012/Problem14_label49.yml	false	false(termination)	5.288563499	5.278272581053898		ERROR			
eca-rers2012/Problem14_label50.yml	false	false(termination)	5.21981181	5.208515880978666		ERROR			
eca-rers2012/Problem14_label51.yml	false	false(termination)	5.269053405	5.258638971950859		ERROR			
eca-rers2012/Problem14_label52.yml	false	false(termination)	5.289271805	5.277399886050262		ERROR			
eca-rers2012/Problem14_label53.yml	false	false(termination)	5.302035416	5.289782288949937		ERROR			
eca-rers2012/Problem14_label54.yml	false	false(termination)	5.382406538	5.370683351997286		ERROR			
eca-rers2012/Problem14_label55.yml	false	false(termination)	5.309070377	5.298330084071495		ERROR			
eca-rers2012/Problem14_label56.yml	false	false(termination)	5.259598051	5.248115808004513		ERROR			
eca-rers2012/Problem14_label57.yml	false	false(termination)	5.331261852	5.319332888931967		ERROR			
eca-rers2012/Problem14_label58.yml	false	false(termination)	5.26267858	5.254669363959692		ERROR			
eca-rers2012/Problem14_label59.yml	false	false(termination)	5.259133202	5.248826346010901		ERROR			
eca-rers2012/Problem15_label18.yml	false	false(termination)	11.634707893	11.62392598495353		ERROR			
psyco/psyco_abp_1-1.yml	false	OUT OF MEMORY (KILLED (signal 9, verification))				false(termination)	249.034421012	248.77472374006175	
psyco/psyco_abp_1-3.yml	false	OUT OF MEMORY (KILLED (signal 9, verification))				false(termination)	248.5796038	247.96490409900434	
psyco/psyco_io_1.yml	false	OUT OF MEMORY (KILLED (signal 9, verification))				ERROR			
psyco/psyco_net_1.yml	false	OUT OF MEMORY (KILLED (signal 9, verification))				ERROR			
psyco/psyco_security.yml	false	OUT OF MEMORY (KILLED (signal 9, verification))				ERROR			
floats-cdfpl/newton_1_1.yml	true	ERROR(unknown, verification-finished)				true	1.707686446	0.811448005028069	
floats-cdfpl/newton_1_2.yml	true	ERROR(unknown, verification-finished)				true	1.444138742	0.7338441731408238	
floats-cdfpl/newton_1_3.yml	true	ERROR(unknown, verification-finished)				true	1.776185659	0.961982810171321	
floats-cdfpl/newton_1_4.yml	true	ERROR(unknown, verification-finished)				true	1.72041194	0.81046919291839	
floats-cdfpl/newton_1_5.yml	true	ERROR(unknown, verification-finished)				true	1.616843981	0.7711994280107319	
floats-cdfpl/newton_1_6.yml	true	ERROR(unknown, verification-finished)				true	1.645004576	0.8531382898800075	
floats-cdfpl/newton_1_7.yml	true	ERROR(unknown, verification-finished)				true	1.698033594	0.8016811469569802	
floats-cdfpl/newton_1_8.yml	true	ERROR(unknown, verification-finished)				true	1.562454935	0.7886598031036556	
floats-cdfpl/newton_2_1.yml	true	ERROR(unknown, verification-finished)				true	1.424125096	0.7311342861503363	
floats-cdfpl/newton_2_2.yml	true	ERROR(unknown, verification-finished)				true	1.601325966	0.7779210568405688	
floats-cdfpl/newton_2_3.yml	true	ERROR(unknown, verification-finished)				true	1.840490342	0.8375642378814518	
floats-cdfpl/newton_2_4.yml	true	ERROR(unknown, verification-finished)				true	1.607966683	0.7967300110030919	
floats-cdfpl/newton_2_5.yml	true	ERROR(unknown, verification-finished)				true	1.651663645	0.7490385598503053	
floats-cdfpl/newton_2_6.yml	true	ERROR(unknown, verification-finished)				true	1.661890193	0.7643756000325084	
floats-cdfpl/newton_2_7.yml	true	ERROR(unknown, verification-finished)				true	1.515829356	0.7710274069104344	
floats-cdfpl/newton_2_8.yml	true	ERROR(unknown, verification-finished)				true	1.440457061	0.7574096831958741	
floats-cdfpl/newton_3_1.yml	true	ERROR(unknown, verification-finished)				true	1.564638082	0.7978756329976022	
floats-cdfpl/newton_3_2.yml	true	ERROR(unknown, verification-finished)				true	1.774223227	0.845198682975024	
floats-cdfpl/newton_3_3.yml	true	ERROR(unknown, verification-finished)				true	1.686432729	0.8047464420087636	
floats-cdfpl/newton_3_4.yml	true	ERROR(unknown, verification-finished)				true	1.724562919	0.7863580239936709	
floats-cdfpl/newton_3_5.yml	true	ERROR(unknown, verification-finished)				true	1.689622202	0.8034774060361087	
floats-cdfpl/newton_3_6.yml	true	ERROR(unknown, verification-finished)				true	1.749135589	0.8944450640119612	
floats-cdfpl/newton_3_7.yml	true	ERROR(unknown, verification-finished)				true	1.721434864	0.7734063840471208	
floats-cdfpl/newton_3_8.yml	true	ERROR(unknown, verification-finished)				true	1.70482078	0.7657322420272976	
floats-cdfpl/sine_1.yml	true	ERROR(unknown, verification-finished)				true	1.573129932	0.7512063840404153	
floats-cdfpl/sine_2.yml	true	ERROR(unknown, verification-finished)				true	1.709330356	0.7780810629483312	
floats-cdfpl/sine_3.yml	true	ERROR(unknown, verification-finished)				true	1.567911678	0.8074959679506719	
floats-cdfpl/sine_4.yml	true	ERROR(unknown, verification-finished)				true	1.551810135	0.7675488370005041	
floats-cdfpl/sine_5.yml	true	ERROR(unknown, verification-finished)				true	1.607802849	0.7695147639606148	
floats-cdfpl/sine_6.yml	true	ERROR(unknown, verification-finished)				true	1.632621961	0.7729078808333725	
floats-cdfpl/sine_7.yml	true	ERROR(unknown, verification-finished)				true	1.580971812	0.7727869900409132	
floats-cdfpl/sine_8.yml	true	ERROR(unknown, verification-finished)				true	1.79052399	0.8830027088988572	
floats-cdfpl/square_1.yml	true	ERROR(unknown, verification-finished)				true	1.689878594	0.8030578009784222	
floats-cdfpl/square_2.yml	true	ERROR(unknown, verification-finished)				true	1.694998779	0.8870078169275075	
floats-cdfpl/square_3.yml	true	ERROR(unknown, verification-finished)				true	1.565370528	0.7805788298137486	
floats-cdfpl/square_4.yml	true	ERROR(unknown, verification-finished)				true	1.663557085	0.8475972539745271	
floats-cdfpl/square_5.yml	true	ERROR(unknown, verification-finished)				true	1.404765209	0.7233258560299873	
floats-cdfpl/square_6.yml	true	ERROR(unknown, verification-finished)				true	1.678799264	0.8121008758898824	
floats-cdfpl/square_7.yml	true	ERROR(unknown, verification-finished)				true	1.634743031	0.7671268989797682	
floats-cdfpl/square_8.yml	true	ERROR(unknown, verification-finished)				true	1.597047819	0.7829649529885501	
floats-cbmc-regression/float12.yml	true	ERROR(unknown, verification-finished)				true	1.530282049	0.7540961089543998	
floats-cbmc-regression/float20.yml	true	ERROR(unknown, verification-finished)				true	1.634437313	0.8076874651014805	
floats-cbmc-regression/float5.yml	true	ERROR(unknown, verification-finished)				true	1.642691405	0.8783688431140035	
floats-cbmc-regression/float6.yml	true	ERROR(unknown, verification-finished)				true	1.745617265	0.8234489739406854	
ldv-regression/fo_test.yml	true	true	0.428626012	0.4211757959565148		ERROR			
list-ext2-properties/list_and_tree_cnstr-1.yml	false	TIMEOUT (verification)				ERROR			
list-ext2-properties/list_and_tree_cnstr-2.yml	false	OUT OF MEMORY (KILLED (signal 9, verification))				ERROR			
loops/count_up_down-1.yml	true	TIMEOUT (verification)				true	1.595382187	0.8872994801495224	
loops/count_up_down-2.yml	true	TIMEOUT (verification)				true	1.792204119	1.0493559059686959	
loops/for_infinite_loop_1.yml	false	TIMEOUT (verification)				ERROR			
loops/for_infinite_loop_2.yml	false	TIMEOUT (verification)				ERROR			
loops/insertion_sort-1-2.yml	true	TIMEOUT (verification)				true	1.799910802	0.9769601840525866	
loops/insertion_sort-2-2.yml	true	TIMEOUT (verification)				true	1.960955836	0.999495130032301	
loops/invert_string-1.yml	true	TIMEOUT (verification)				true	1.919320058	0.9962680051103234	
loops/matrix-2-2.yml	true	TIMEOUT (verification)				true	2.05314914	1.2370064549613744	
loops/n.c11.yml	false	TIMEOUT (verification)				ERROR			
loops/sum01_bug02.yml	true	TIMEOUT (verification)				true	1.665637835	0.9164267419837415	
loops/sum03-2.yml	false	TIMEOUT (verification)				ERROR			
loops/terminator_02-2.yml	true	TIMEOUT (verification)				true	1.664430657	0.9055342508945614	
loops/trex01-1.yml	true	TIMEOUT (verification)				ERROR			
loops/trex01-2.yml	true	TIMEOUT (verification)				ERROR			
loops/trex03-1.yml	true	OUT OF MEMORY (KILLED (signal 9, verification))				true	13.385323888	12.714752096915618	
loops/trex03-2.yml	true	OUT OF MEMORY (KILLED (signal 9, verification))				true	13.799286862	12.894015138968825	
loops/trex04.yml	false	false(termination)	0.93421939	0.9228901190217584		ERROR			
loops/while_infinite_loop_1.yml	false	false(termination)	0.401832315	0.391923179035075		ERROR			
loops/while_infinite_loop_2.yml	false	false(termination)	0.419855039	0.4081773560028523		ERROR			
loops/while_infinite_loop_3.yml	false	false(termination)	0.43028911	0.4470404469175264		OUT OF MEMORY			
loop-acceleration/functions_1-1.yml	true	TIMEOUT (verification)				ERROR			
loop-acceleration/functions_1-2.yml	true	TIMEOUT (verification)				ERROR			
loop-acceleration/multivar_1-1.yml	true	TIMEOUT (verification)				true	19.169602853	18.386260477826	
loop-acceleration/multivar_1-2.yml	true	TIMEOUT (verification)				true	19.181676599	18.4342560749501	
loop-acceleration/phases_2-1.yml	false	false(termination)	1.033181454	1.0216798890614882		OUT OF MEMORY			
loop-acceleration/phases_2-2.yml	false	false(termination)	1.027996728	1.017044153995812		OUT OF MEMORY			
loop-acceleration/simple_2-1.yml	true	TIMEOUT (verification)				ERROR			
loop-acceleration/simple_2-2.yml	true	TIMEOUT (verification)				ERROR			
loop-acceleration/simple_3-1.yml	true	TIMEOUT (verification)				true	1.649269404	0.8714070688001812	
loop-acceleration/simple_3-2.yml	true	TIMEOUT (verification)				true	1.697756564	0.8863294271286577	
loop-invgen/SpamAssassin-loop.yml	false	TIMEOUT (verification)				ERROR			
loop-invgen/apache-get-tag.yml	true	TIMEOUT (verification)				true	2.219322742	1.431548397988081	
loop-invgen/down.yml	true	TIMEOUT (verification)				true	1.661776635	0.9142156939487904	
loop-invgen/fragtest_simple.yml	true	TIMEOUT (verification)				ERROR			
loop-invgen/heapsort.yml	true	TIMEOUT (verification)				true	4.988522572	4.170020485064015	
loop-invgen/nest-if3.yml	true	TIMEOUT (verification)				true	2.083206553	1.2071091618854553	
loop-invgen/seq-3.yml	true	TIMEOUT (verification)				true	1.871881827	1.0562049690634012	
loop-invgen/string_concat-noarr.yml	false	false(termination)	64.823624674	64.81366576207802		ERROR			
loop-invgen/up.yml	true	TIMEOUT (verification)				true	1.827848911	1.0113547479268163	
loop-lit/bhmr2007.yml	true	TIMEOUT (verification)				true	1.70418872	0.8740784509573132	
loop-lit/cggmp2005_variant.yml	true	TIMEOUT (verification)				true	1.854618251	0.9757920950651169	
loop-lit/css2003.yml	true	true	45.234915088	45.22615005495027		ERROR			
loop-lit/gcnr2008.yml	false	OUT OF MEMORY (KILLED (signal 9, verification))				ERROR			
loop-lit/gsv2008.yml	true	TIMEOUT (verification)				true	1.884180546	1.1117314980365336	
loop-lit/hhk2008.yml	true	TIMEOUT (verification)				true	1.674866363	0.8543371460400522	
loop-lit/jm2006.yml	true	TIMEOUT (verification)				true	1.796750054	0.9209726061671972	
loop-lit/jm2006_variant.yml	true	TIMEOUT (verification)				true	1.822717686	0.9511562830302864	
loop-new/count_by_nondet.yml	true	TIMEOUT (verification)				ERROR			
loop-new/half.yml	true	TIMEOUT (verification)				true	1.710659193	0.9857799420133233	
loop-new/nested-1.yml	true	TIMEOUT (verification)				true	2.011424123	1.0801935398485512	
product-lines/email_spec0_productSimulator.cil.yml	true	TIMEOUT (verification)				true	38.802965238	36.938750428846106	
product-lines/email_spec11_productSimulator.cil.yml	true	TIMEOUT (verification)				true	43.176504266	41.36715944786556	
product-lines/email_spec1_productSimulator.cil.yml	true	TIMEOUT (verification)				true	19.64660788	17.995618972927332	
product-lines/email_spec27_productSimulator.cil.yml	true	TIMEOUT (verification)				true	24.515445519	22.752217290923	
product-lines/email_spec4_productSimulator.cil.yml	true	TIMEOUT (verification)				true	18.578304259	16.71817941311747	
product-lines/email_spec6_productSimulator.cil.yml	true	TIMEOUT (verification)				true	21.269122826	19.172011316055432	
product-lines/email_spec7_productSimulator.cil.yml	true	TIMEOUT (verification)				true	19.68093665	17.918035194976255	
product-lines/email_spec8_productSimulator.cil.yml	true	TIMEOUT (verification)				true	20.545942488	18.740859457990155	
product-lines/email_spec9_productSimulator.cil.yml	true	TIMEOUT (verification)				true	20.110761554	18.323657881934196	
recursive/Ackermann02.yml	true	TIMEOUT (verification)				ERROR			
recursive/Addition01-2.yml	true	TIMEOUT (verification)				true	9.1895873	8.344229235081002	
recursive/Addition02.yml	true	TIMEOUT (verification)				true	8.968341061	8.272535403026268	
recursive/Addition03-1.yml	true	TIMEOUT (verification)				true	9.388416463	8.5754715569783	
recursive/EvenOdd01-1.yml	true	TIMEOUT (verification)				true	1.887142004	1.0095281288959086	
recursive/EvenOdd03.yml	true	TIMEOUT (verification)				true	1.906944607	1.1182523160241544	
recursive/Fibonacci03.yml	true	TIMEOUT (verification)				true	6.959415736	6.316630349960178	
recursive/Fibonacci04.yml	true	TIMEOUT (verification)				true	7.19205369	6.3889120179228485	
recursive/Fibonacci05.yml	true	TIMEOUT (verification)				true	7.121090307	6.354511758079752	
recursive/McCarthy91-1.yml	true	TIMEOUT (verification)				ERROR			
recursive/McCarthy91-2.yml	true	TIMEOUT (verification)				ERROR			
recursive/MultCommutative-2.yml	true	TIMEOUT (verification)				true	47.698544381	46.7916065310128	
recursive/Primes.yml	false	TIMEOUT (verification)				ERROR			
recursive/gcd01-1.yml	true	TIMEOUT (verification)				true	13.14750162	12.371443032985553	
recursive/gcd02.yml	true	TIMEOUT (verification)				true	58.402606286	57.52394229103811	
recursive/recHanoi01.yml	true	TIMEOUT (verification)				true	6.099976616	5.233354703057557	
recursive-simple/id2_b2_o3.yml	true	TIMEOUT (verification)				true	1.820475002	0.9550767748150975	
recursive-simple/id2_b3_o2.yml	true	TIMEOUT (verification)				true	1.670224967	0.8653667201288044	
recursive-simple/id2_b3_o5.yml	true	TIMEOUT (verification)				true	1.794492235	0.9678670740686357	
recursive-simple/id2_b5_o10.yml	true	TIMEOUT (verification)				true	1.870914561	1.006825814023614	
recursive-simple/id_b2_o3.yml	true	TIMEOUT (verification)				true	1.715147751	0.9263589170295745	
recursive-simple/id_b3_o2-2.yml	true	TIMEOUT (verification)				ERROR			
recursive-simple/id_b3_o5-2.yml	true	TIMEOUT (verification)				ERROR			
recursive-simple/id_b5_o10-2.yml	true	TIMEOUT (verification)				ERROR			
recursive-simple/id_o10.yml	true	TIMEOUT (verification)				true	1.72210983	0.9182699338998646	
recursive-simple/id_o100.yml	true	TIMEOUT (verification)				true	1.620756397	0.8639704289380461	
recursive-simple/id_o1000.yml	true	TIMEOUT (verification)				true	1.743444096	0.9154034389648587	
recursive-simple/id_o20.yml	true	TIMEOUT (verification)				true	1.784002826	0.9265568170230836	
recursive-simple/id_o200.yml	true	TIMEOUT (verification)				true	1.751666586	0.9410365868825465	
recursive-simple/id_o3.yml	true	TIMEOUT (verification)				true	1.65818074	0.8699892088770866	
recursive-simple/sum_non_eq-2.yml	true	TIMEOUT (verification)				true	1.709696823	0.9000096200034022	
recursive-simple/sum_non_eq-3.yml	true	TIMEOUT (verification)				true	1.694991194	0.9178969010245055	
systemc/bist_cell.cil.yml	false	TIMEOUT (verification)				false(termination)	236.947290855	236.70942114293575	
systemc/kundu.cil.yml	false	OUT OF MEMORY (KILLED (signal 9, verification))				ERROR			
systemc/kundu2.cil.yml	false	OUT OF MEMORY (KILLED (signal 9, verification))				ERROR			
systemc/mem_slave_tlm.2.cil.yml	false	OUT OF MEMORY (KILLED (signal 9, verification))				false(termination)	234.138352102	233.36032430501655	
systemc/mem_slave_tlm.3.cil.yml	false	OUT OF MEMORY (KILLED (signal 9, verification))				false(termination)	233.848123792	233.28564555593766	
systemc/mem_slave_tlm.4.cil.yml	false	OUT OF MEMORY (KILLED (signal 9, verification))				false(termination)	233.935305791	233.19370180205442	
systemc/mem_slave_tlm.5.cil.yml	false	OUT OF MEMORY (KILLED (signal 9, verification))				false(termination)	234.090375972	233.15847779414617	
systemc/pc_sfifo_1.cil-1.yml	false	OUT OF MEMORY (KILLED (signal 9, verification))				ERROR			
systemc/pc_sfifo_1.cil-2.yml	false	OUT OF MEMORY (KILLED (signal 9, verification))				ERROR			
systemc/pc_sfifo_2.cil-1.yml	false	OUT OF MEMORY (KILLED (signal 9, verification))				ERROR			
systemc/pc_sfifo_2.cil-2.yml	false	TIMEOUT (verification)				ERROR			
systemc/pipeline.cil-1.yml	false	OUT OF MEMORY (KILLED (signal 9, verification))				false(termination)	351.126950319	350.4899762510322	
systemc/pipeline.cil-2.yml	false	OUT OF MEMORY (KILLED (signal 9, verification))				OUT OF MEMORY			
systemc/token_ring.03.cil-1.yml	false	TIMEOUT (verification)				false(termination)	248.198551858	247.47965798596852	
systemc/token_ring.03.cil-2.yml	false	TIMEOUT (verification)				false(termination)	249.109100654	248.28721946594305	
systemc/token_ring.04.cil-1.yml	false	TIMEOUT (verification)				false(termination)	249.148490883	248.3122555790469	
systemc/token_ring.04.cil-2.yml	false	TIMEOUT (verification)				false(termination)	250.038938146	248.984091212973	
systemc/token_ring.05.cil-1.yml	false	TIMEOUT (verification)				false(termination)	251.479271923	250.48057390702888	
systemc/token_ring.05.cil-2.yml	false	TIMEOUT (verification)				false(termination)	250.931424657	250.1191103211604	
systemc/token_ring.06.cil-1.yml	false	TIMEOUT (verification)				false(termination)	252.209459492	250.8508113550488	
systemc/token_ring.06.cil-2.yml	false	TIMEOUT (verification)				false(termination)	255.154517956	254.41311418195255	
systemc/token_ring.07.cil-1.yml	false	OUT OF MEMORY (KILLED (signal 9, verification))				false(termination)	251.970817928	251.07173843611963	
systemc/token_ring.07.cil-2.yml	false	OUT OF MEMORY (KILLED (signal 9, verification))				false(termination)	239.733464522	239.15761129488237	
systemc/token_ring.08.cil-1.yml	false	OUT OF MEMORY (KILLED (signal 9, verification))				false(termination)	252.699321107	251.84672510414384	
systemc/token_ring.08.cil-2.yml	false	OUT OF MEMORY (KILLED (signal 9, verification))				false(termination)	250.705972718	249.7280894748401	
systemc/token_ring.09.cil-1.yml	false	OUT OF MEMORY (KILLED (signal 9, verification))				false(termination)	249.989930659	248.9089463551063	
systemc/token_ring.09.cil-2.yml	false	OUT OF MEMORY (KILLED (signal 9, verification))				false(termination)	250.225585665	249.2021987249609	
systemc/token_ring.10.cil-1.yml	false	OUT OF MEMORY (KILLED (signal 9, verification))				false(termination)	241.895508722	241.03310324880295	
systemc/token_ring.10.cil-2.yml	false	TIMEOUT (verification)				false(termination)	253.394059722	252.34418205101974	
systemc/token_ring.11.cil-1.yml	false	OUT OF MEMORY (KILLED (signal 9, verification))				false(termination)	251.727652113	250.78783537680283	
systemc/token_ring.11.cil-2.yml	false	OUT OF MEMORY (KILLED (signal 9, verification))				false(termination)	254.825699396	253.69590452197008	
systemc/token_ring.12.cil-1.yml	false	OUT OF MEMORY (KILLED (signal 9, verification))				false(termination)	242.711625389	241.54763392009772	
systemc/token_ring.12.cil-2.yml	false	OUT OF MEMORY (KILLED (signal 9, verification))				false(termination)	254.507223148	253.53791179298423	
systemc/token_ring.13.cil-1.yml	false	OUT OF MEMORY (KILLED (signal 9, verification))				false(termination)	254.959241059	253.6632873180788	
systemc/token_ring.13.cil-2.yml	false	OUT OF MEMORY (KILLED (signal 9, verification))				false(termination)	254.371266949	253.41847742791288	
systemc/token_ring.14.cil.yml	false	OUT OF MEMORY (KILLED (signal 9, verification))				false(termination)	244.641609365	243.74184559797868	
systemc/token_ring.15.cil.yml	false	OUT OF MEMORY (KILLED (signal 9, verification))				false(termination)	252.29434187	251.45629215589724	
systemc/toy.cil.yml	false	OUT OF MEMORY (KILLED (signal 9, verification))				false(termination)	193.760854814	192.75637704506516	
systemc/toy1.cil.yml	false	OUT OF MEMORY (KILLED (signal 9, verification))				false(termination)	234.43700889	233.8298699068837	
systemc/toy2.cil.yml	false	OUT OF MEMORY (KILLED (signal 9, verification))				ERROR			
systemc/transmitter.01.cil.yml	false	TIMEOUT (verification)				ERROR			
systemc/transmitter.02.cil.yml	false	TIMEOUT (verification)				ERROR			
systemc/transmitter.03.cil.yml	false	TIMEOUT (verification)				ERROR			
systemc/transmitter.04.cil.yml	false	TIMEOUT (verification)				false(termination)	226.894295339	226.00272702192888	
systemc/transmitter.05.cil.yml	false	OUT OF MEMORY (KILLED (signal 9, verification))				ERROR			
systemc/transmitter.06.cil.yml	false	OUT OF MEMORY (KILLED (signal 9, verification))				ERROR			
systemc/transmitter.07.cil.yml	false	OUT OF MEMORY (KILLED (signal 9, verification))				ERROR			
systemc/transmitter.08.cil.yml	false	OUT OF MEMORY (KILLED (signal 9, verification))				ERROR			
systemc/transmitter.09.cil.yml	false	OUT OF MEMORY (KILLED (signal 9, verification))				ERROR			
systemc/transmitter.10.cil.yml	false	OUT OF MEMORY (KILLED (signal 9, verification))				ERROR			
systemc/transmitter.11.cil.yml	false	OUT OF MEMORY (KILLED (signal 9, verification))				ERROR			
systemc/transmitter.12.cil.yml	false	OUT OF MEMORY (KILLED (signal 9, verification))				ERROR			
systemc/transmitter.13.cil.yml	false	OUT OF MEMORY (KILLED (signal 9, verification))				ERROR			
systemc/transmitter.15.cil.yml	false	OUT OF MEMORY (KILLED (signal 9, verification))				ERROR			
systemc/transmitter.16.cil.yml	false	OUT OF MEMORY (KILLED (signal 9, verification))				ERROR			
seq-mthreaded/pals_STARTPALS_ActiveStandby.1.ufo.UNBOUNDED.pals.yml	false	false(termination)	4.979550098	4.96750924794469		ERROR			
seq-mthreaded/pals_STARTPALS_ActiveStandby.4_1.ufo.UNBOUNDED.pals.yml	false	false(termination)	9.309203676	9.301096707000397		ERROR			
seq-mthreaded/pals_STARTPALS_ActiveStandby.4_2.ufo.UNBOUNDED.pals.yml	false	false(termination)	110.889735932	110.94800709898118		ERROR			
seq-mthreaded/pals_STARTPALS_ActiveStandby.5.ufo.UNBOUNDED.pals.yml	false	false(termination)	5.709291902	5.698705008951947		ERROR			
seq-mthreaded/pals_STARTPALS_ActiveStandby.ufo.UNBOUNDED.pals.yml	false	false(termination)	6.656765822	6.644405387924053		ERROR			
seq-mthreaded/pals_STARTPALS_Triplicated.1.ufo.BOUNDED-10.pals.yml	true	OUT OF MEMORY (KILLED (signal 9, verification))				true	2.783750244	1.640374385053292	
seq-mthreaded/pals_STARTPALS_Triplicated.2.ufo.BOUNDED-10.pals.yml	true	OUT OF MEMORY (KILLED (signal 9, verification))				true	2.656460282	1.5927886408753693	
seq-mthreaded/pals_STARTPALS_Triplicated.ufo.BOUNDED-10.pals.yml	true	OUT OF MEMORY (KILLED (signal 9, verification))				true	2.659479255	1.5887692358810455	
seq-mthreaded/pals_floodmax.3.1.ufo.UNBOUNDED.pals.yml	false	TIMEOUT (verification)				ERROR			
seq-mthreaded/pals_floodmax.3.4.ufo.UNBOUNDED.pals.yml	false	TIMEOUT (verification)				ERROR			
seq-mthreaded/pals_floodmax.3.ufo.UNBOUNDED.pals.yml	false	TIMEOUT (verification)				ERROR			
seq-mthreaded/pals_floodmax.3_overflow.ufo.UNBOUNDED.pals.yml	true	true	51.73763801	51.728849803097546		ERROR			
seq-mthreaded/pals_floodmax.4.1.ufo.BOUNDED-8.pals.yml	true	TIMEOUT (verification)				true	2.766383109	1.507801029132679	
seq-mthreaded/pals_floodmax.4.1.ufo.UNBOUNDED.pals.yml	false	TIMEOUT (verification)				ERROR			
seq-mthreaded/pals_floodmax.4.3.ufo.BOUNDED-8.pals.yml	true	TIMEOUT (verification)				true	2.886129498	1.5866182779427618	
seq-mthreaded/pals_floodmax.4.3.ufo.UNBOUNDED.pals.yml	true	TIMEOUT (verification)				true	44.662240421	43.28668750100769	
seq-mthreaded/pals_floodmax.4.4.ufo.BOUNDED-8.pals.yml	true	TIMEOUT (verification)				true	2.962745433	1.594452097080648	
seq-mthreaded/pals_floodmax.4.4.ufo.UNBOUNDED.pals.yml	false	TIMEOUT (verification)				ERROR			
seq-mthreaded/pals_floodmax.4.ufo.BOUNDED-8.pals.yml	true	TIMEOUT (verification)				true	3.124210427	1.6058205938898027	
seq-mthreaded/pals_floodmax.4.ufo.UNBOUNDED.pals.yml	false	TIMEOUT (verification)				ERROR			
seq-mthreaded/pals_floodmax.4_overflow.ufo.UNBOUNDED.pals.yml	true	TIMEOUT (verification)				ERROR			
seq-mthreaded/pals_floodmax.5.1.ufo.BOUNDED-10.pals.yml	true	OUT OF MEMORY (KILLED (signal 9, verification))				true	9.986363621	8.259741253918037	
seq-mthreaded/pals_floodmax.5.1.ufo.UNBOUNDED.pals.yml	false	OUT OF MEMORY (KILLED (signal 9, verification))				ERROR			
seq-mthreaded/pals_floodmax.5.2.ufo.BOUNDED-10.pals.yml	true	OUT OF MEMORY (KILLED (signal 9, verification))				true	9.438678273	7.558864411897957	
seq-mthreaded/pals_floodmax.5.2.ufo.UNBOUNDED.pals.yml	true	OUT OF MEMORY (KILLED (signal 9, verification))				true	10.304794973	8.233016673941165	
seq-mthreaded/pals_floodmax.5.3.ufo.BOUNDED-10.pals.yml	true	OUT OF MEMORY (KILLED (signal 9, verification))				ERROR			
seq-mthreaded/pals_floodmax.5.3.ufo.UNBOUNDED.pals.yml	false	OUT OF MEMORY (KILLED (signal 9, verification))				ERROR			
seq-mthreaded/pals_floodmax.5.4.ufo.BOUNDED-10.pals.yml	true	OUT OF MEMORY (KILLED (signal 9, verification))				true	10.396167309	8.697401028126478	
seq-mthreaded/pals_floodmax.5.4.ufo.UNBOUNDED.pals.yml	false	OUT OF MEMORY (KILLED (signal 9, verification))				ERROR			
seq-mthreaded/pals_floodmax.5.ufo.BOUNDED-10.pals.yml	true	OUT OF MEMORY (KILLED (signal 9, verification))				true	10.309114076	8.48738711909391	
seq-mthreaded/pals_floodmax.5.ufo.UNBOUNDED.pals.yml	false	OUT OF MEMORY (KILLED (signal 9, verification))				ERROR			
seq-mthreaded/pals_floodmax.5_overflow.ufo.UNBOUNDED.pals.yml	true	OUT OF MEMORY (KILLED (signal 9, verification))				ERROR			
seq-mthreaded/pals_lcr-var-start-time.3.1.ufo.UNBOUNDED.pals.yml	false	TIMEOUT (verification)				ERROR			
seq-mthreaded/pals_lcr-var-start-time.3.2.ufo.UNBOUNDED.pals.yml	false	TIMEOUT (verification)				ERROR			
seq-mthreaded/pals_lcr-var-start-time.3.ufo.UNBOUNDED.pals.yml	false	TIMEOUT (verification)				ERROR			
seq-mthreaded/pals_lcr-var-start-time.4.1.ufo.UNBOUNDED.pals.yml	false	TIMEOUT (verification)				ERROR			
seq-mthreaded/pals_lcr-var-start-time.4.2.ufo.UNBOUNDED.pals.yml	false	TIMEOUT (verification)				ERROR			
seq-mthreaded/pals_lcr-var-start-time.4.ufo.UNBOUNDED.pals.yml	false	TIMEOUT (verification)				ERROR			
seq-mthreaded/pals_lcr-var-start-time.5.1.ufo.UNBOUNDED.pals.yml	false	TIMEOUT (verification)				ERROR			
seq-mthreaded/pals_lcr-var-start-time.5.2.ufo.UNBOUNDED.pals.yml	false	TIMEOUT (verification)				ERROR			
seq-mthreaded/pals_lcr-var-start-time.5.ufo.UNBOUNDED.pals.yml	false	TIMEOUT (verification)				ERROR			
seq-mthreaded/pals_lcr-var-start-time.6.1.ufo.UNBOUNDED.pals.yml	false	TIMEOUT (verification)				ERROR			
seq-mthreaded/pals_lcr-var-start-time.6.2.ufo.UNBOUNDED.pals.yml	false	TIMEOUT (verification)				ERROR			
seq-mthreaded/pals_lcr-var-start-time.6.ufo.UNBOUNDED.pals.yml	false	TIMEOUT (verification)				ERROR			
seq-mthreaded/pals_lcr.4.1.ufo.UNBOUNDED.pals.yml	false	TIMEOUT (verification)				ERROR			
seq-mthreaded/pals_lcr.4.ufo.UNBOUNDED.pals.yml	false	TIMEOUT (verification)				ERROR			
seq-mthreaded/pals_lcr.4_overflow.ufo.UNBOUNDED.pals.yml	true	true	10.65964121	10.653040905948728		ERROR			
seq-mthreaded/pals_lcr.5.1.ufo.UNBOUNDED.pals.yml	false	TIMEOUT (verification)				ERROR			
seq-mthreaded/pals_lcr.5.ufo.UNBOUNDED.pals.yml	false	TIMEOUT (verification)				ERROR			
seq-mthreaded/pals_lcr.5_overflow.ufo.UNBOUNDED.pals.yml	true	true	56.8445758	56.835886445012875		ERROR			
seq-mthreaded/pals_lcr.6.1.ufo.UNBOUNDED.pals.yml	false	TIMEOUT (verification)				ERROR			
seq-mthreaded/pals_lcr.6.ufo.UNBOUNDED.pals.yml	false	TIMEOUT (verification)				ERROR			
seq-mthreaded/pals_lcr.6_overflow.ufo.UNBOUNDED.pals.yml	true	true	285.795134699	285.79109592502937		ERROR			
seq-mthreaded/pals_lcr.7.1.ufo.UNBOUNDED.pals.yml	false	TIMEOUT (verification)				ERROR			
seq-mthreaded/pals_lcr.7.ufo.UNBOUNDED.pals.yml	false	TIMEOUT (verification)				ERROR			
seq-mthreaded/pals_lcr.7_overflow.ufo.UNBOUNDED.pals.yml	true	TIMEOUT (verification)				ERROR			
seq-mthreaded/pals_lcr.8.1.ufo.BOUNDED-16.pals.yml	true	TIMEOUT (verification)				true	3.237013801	1.9683023719117045	
seq-mthreaded/pals_lcr.8.1.ufo.UNBOUNDED.pals.yml	false	TIMEOUT (verification)				ERROR			
seq-mthreaded/pals_lcr.8.ufo.BOUNDED-16.pals.yml	true	TIMEOUT (verification)				true	3.173674483	1.9488959140144289	
seq-mthreaded/pals_lcr.8.ufo.UNBOUNDED.pals.yml	false	TIMEOUT (verification)				ERROR			
seq-mthreaded/pals_lcr.8_overflow.ufo.UNBOUNDED.pals.yml	true	TIMEOUT (verification)				ERROR			
seq-mthreaded/pals_opt-floodmax.3.1.ufo.UNBOUNDED.pals.yml	false	TIMEOUT (verification)				ERROR			
seq-mthreaded/pals_opt-floodmax.3.4.ufo.UNBOUNDED.pals.yml	false	TIMEOUT (verification)				ERROR			
seq-mthreaded/pals_opt-floodmax.3.ufo.UNBOUNDED.pals.yml	false	TIMEOUT (verification)				ERROR			
seq-mthreaded/pals_opt-floodmax.3_overflow.ufo.UNBOUNDED.pals.yml	true	true	57.686393936	57.7113882380072		ERROR			
seq-mthreaded/pals_opt-floodmax.4.1.ufo.BOUNDED-8.pals.yml	true	TIMEOUT (verification)				true	2.982082815	1.6096335977781564	
seq-mthreaded/pals_opt-floodmax.4.1.ufo.UNBOUNDED.pals.yml	false	TIMEOUT (verification)				ERROR			
seq-mthreaded/pals_opt-floodmax.4.3.ufo.BOUNDED-8.pals.yml	true	TIMEOUT (verification)				true	2.967385472	1.6354520879685879	
seq-mthreaded/pals_opt-floodmax.4.3.ufo.UNBOUNDED.pals.yml	true	TIMEOUT (verification)				true	20.807315269	19.493410338182002	
seq-mthreaded/pals_opt-floodmax.4.4.ufo.BOUNDED-8.pals.yml	true	TIMEOUT (verification)				true	3.013361563	1.698416484054178	
seq-mthreaded/pals_opt-floodmax.4.4.ufo.UNBOUNDED.pals.yml	false	TIMEOUT (verification)				ERROR			
seq-mthreaded/pals_opt-floodmax.4.ufo.BOUNDED-8.pals.yml	true	TIMEOUT (verification)				true	3.116789677	1.7221654318273067	
seq-mthreaded/pals_opt-floodmax.4.ufo.UNBOUNDED.pals.yml	false	TIMEOUT (verification)				ERROR			
seq-mthreaded/pals_opt-floodmax.4_overflow.ufo.UNBOUNDED.pals.yml	true	TIMEOUT (verification)				ERROR			
seq-mthreaded/pals_opt-floodmax.5.1.ufo.BOUNDED-10.pals.yml	true	OUT OF MEMORY (KILLED (signal 9, verification))				true	10.611087527	8.722236168105155	
seq-mthreaded/pals_opt-floodmax.5.1.ufo.UNBOUNDED.pals.yml	false	OUT OF MEMORY (KILLED (signal 9, verification))				ERROR			
seq-mthreaded/pals_opt-floodmax.5.2.ufo.BOUNDED-10.pals.yml	true	OUT OF MEMORY (KILLED (signal 9, verification))				true	10.164153424	8.379836328094825	
seq-mthreaded/pals_opt-floodmax.5.2.ufo.UNBOUNDED.pals.yml	true	OUT OF MEMORY (KILLED (signal 9, verification))				true	9.867607907	8.037013344001025	
seq-mthreaded/pals_opt-floodmax.5.3.ufo.BOUNDED-10.pals.yml	true	OUT OF MEMORY (KILLED (signal 9, verification))				ERROR			
seq-mthreaded/pals_opt-floodmax.5.3.ufo.UNBOUNDED.pals.yml	false	OUT OF MEMORY (KILLED (signal 9, verification))				ERROR			
seq-mthreaded/pals_opt-floodmax.5.4.ufo.BOUNDED-10.pals.yml	true	OUT OF MEMORY (KILLED (signal 9, verification))				true	11.125321749	9.25622570910491	
seq-mthreaded/pals_opt-floodmax.5.4.ufo.UNBOUNDED.pals.yml	false	OUT OF MEMORY (KILLED (signal 9, verification))				ERROR			
seq-mthreaded/pals_opt-floodmax.5.ufo.BOUNDED-10.pals.yml	true	OUT OF MEMORY (KILLED (signal 9, verification))				true	10.896315001	9.16629196703434	
seq-mthreaded/pals_opt-floodmax.5.ufo.UNBOUNDED.pals.yml	false	OUT OF MEMORY (KILLED (signal 9, verification))				ERROR			
seq-mthreaded/pals_opt-floodmax.5_overflow.ufo.UNBOUNDED.pals.yml	true	OUT OF MEMORY (KILLED (signal 9, verification))				ERROR			
seq-mthreaded/rekcba_ctm.1.yml	true	TIMEOUT (verification)				true	8.253312816	5.410522382007912	
seq-mthreaded/rekcba_ctm.2-1.yml	true	TIMEOUT (verification)				true	8.299894458	5.403691676910967	
seq-mthreaded/rekcba_ctm.2-2.yml	true	TIMEOUT (verification)				true	8.447499312	5.516998343868181	
seq-mthreaded/rekcba_ctm.3-1.yml	true	TIMEOUT (verification)				true	13.695373476	9.988452955149114	
seq-mthreaded/rekcba_ctm.3-2.yml	true	TIMEOUT (verification)				true	13.129438313	9.710125538986176	
seq-mthreaded/rekcba_ctm.4.yml	true	TIMEOUT (verification)				true	19.816723311	15.86292346403934	
seq-mthreaded/rekh_ctm.1.yml	true	TIMEOUT (verification)				true	5.990417023	3.713317535817623	
seq-mthreaded/rekh_ctm.2-1.yml	true	TIMEOUT (verification)				true	6.35269135	3.9098057891242206	
seq-mthreaded/rekh_ctm.2-2.yml	true	TIMEOUT (verification)				true	5.93448604	3.6463048490695655	
seq-mthreaded/rekh_ctm.3-1.yml	true	TIMEOUT (verification)				true	7.130629298	4.83467596094124	
seq-mthreaded/rekh_ctm.3-2.yml	true	TIMEOUT (verification)				true	7.11399242	4.7721941221971065	
seq-mthreaded/rekh_ctm.4.yml	true	TIMEOUT (verification)				true	8.258805135	5.955141792073846	
seq-pthread/cs_stateful-1.yml	true	TIMEOUT (verification)				ERROR			
reducercommutativity/rangesum.yml	true	TIMEOUT (verification)				true	1.88655402	0.9935695419553667	
reducercommutativity/sep.yml	true	TIMEOUT (verification)				true	1.928257908	1.008817367022857	
array-memsafety/array01-alloca-2.yml	true	TIMEOUT (verification)				true	48.338659089	47.32032243395224	
array-memsafety/array02-alloca-2.yml	true	TIMEOUT (verification)				true	3.211916759	1.9225082751363516	
array-memsafety/count_down-alloca-1.yml	true	TIMEOUT (verification)				true	29.480950668	28.456269243033603	
array-memsafety/cstrncat-alloca-2.yml	true	TIMEOUT (verification)				true	2.312783458	1.127218132140115	
array-memsafety/cstrncpy-alloca-2.yml	true	TIMEOUT (verification)				true	2.542103177	1.3682476170361042	
array-memsafety/diff-alloca-2.yml	true	TIMEOUT (verification)				true	2.594030545	1.372796120122075	
array-memsafety/lis-alloca-1.yml	true	TIMEOUT (verification)				true	2.545592976	1.2486563688144088	
array-memsafety/openbsd_cbzero-alloca-2.yml	true	TIMEOUT (verification)				true	2.384038284	1.1885124640539289	
array-memsafety/openbsd_cmemset-alloca-1.yml	true	TIMEOUT (verification)				true	2.379271445	1.1818905661348253	
array-memsafety/openbsd_cstrlcpy-alloca-1.yml	true	TIMEOUT (verification)				true	2.252327035	1.124833881855011	
array-memsafety/rec_strlen-alloca-1.yml	true	TIMEOUT (verification)				true	2.410836899	1.1808442240580916	
array-memsafety/strreplace-alloca-2.yml	true	TIMEOUT (verification)				true	2.314713122	1.0579336169175804	
memsafety/test-0214.yml	false	OUT OF MEMORY (KILLED (signal 9, verification))				ERROR			
memsafety/test-0217.yml	false	OUT OF MEMORY (KILLED (signal 9, verification))				ERROR			
memsafety/test-0218.yml	false	OUT OF MEMORY (KILLED (signal 9, verification))				ERROR			
memsafety-ext/tree_cnstr.yml	false	OUT OF MEMORY (KILLED (signal 9, verification))				ERROR			
memsafety-ext/tree_dsw.yml	false	OUT OF MEMORY (KILLED (signal 9, verification))				ERROR			
memsafety-ext/tree_parent_ptr.yml	false	OUT OF MEMORY (KILLED (signal 9, verification))				ERROR			
memsafety-ext/tree_stack.yml	false	OUT OF MEMORY (KILLED (signal 9, verification))				ERROR			
uthash-2.0.2/uthash_BER_test1-2.yml	true	true	0.473034157	0.46513195405714214		ERROR			
uthash-2.0.2/uthash_BER_test10-1.yml	true	true	1.196360184	1.1888539529172704		ERROR			
uthash-2.0.2/uthash_BER_test10-2.yml	true	true	1.461440361	1.4532401720061898		ERROR			
uthash-2.0.2/uthash_BER_test10-3.yml	true	true	1.656575123	1.6491828789003193		ERROR			
uthash-2.0.2/uthash_BER_test2-2.yml	true	true	0.522790168	0.5151739079738036		ERROR			
uthash-2.0.2/uthash_BER_test3-1.yml	true	true	0.526507327	0.5184829270001501		ERROR			
uthash-2.0.2/uthash_BER_test3-2.yml	true	true	0.572956903	0.5651182580040768		ERROR			
uthash-2.0.2/uthash_BER_test4-2.yml	true	true	0.740046994	0.7326429709792137		ERROR			
uthash-2.0.2/uthash_BER_test4-3.yml	true	true	0.807206935	0.7993215140886605		ERROR			
uthash-2.0.2/uthash_BER_test5-2.yml	true	true	0.831779758	0.8231319929473102		ERROR			
uthash-2.0.2/uthash_BER_test5-3.yml	true	true	0.914899669	0.90713785297703		ERROR			
uthash-2.0.2/uthash_BER_test6-1.yml	true	true	0.588431326	0.5808024660218507		ERROR			
uthash-2.0.2/uthash_BER_test6-2.yml	true	true	0.610887414	0.6053462029667571		ERROR			
uthash-2.0.2/uthash_BER_test7-1.yml	true	true	1.141196286	1.1338497420074418		ERROR			
uthash-2.0.2/uthash_BER_test7-2.yml	true	true	1.181392948	1.1732488540001214		ERROR			
uthash-2.0.2/uthash_BER_test8-1.yml	true	true	0.519493914	0.5115536050871015		ERROR			
uthash-2.0.2/uthash_BER_test8-2.yml	true	true	0.58998865	0.582006260054186		ERROR			
uthash-2.0.2/uthash_BER_test9-1.yml	true	true	2.523738873	2.516426950925961		ERROR			
uthash-2.0.2/uthash_BER_test9-2.yml	true	true	2.684071027	2.6770207119407132		ERROR			
uthash-2.0.2/uthash_FNV_test1-2.yml	true	true	0.481595401	0.4751235489966348		ERROR			
uthash-2.0.2/uthash_FNV_test10-1.yml	true	true	1.189940367	1.1837053350172937		ERROR			
uthash-2.0.2/uthash_FNV_test10-2.yml	true	true	1.452249011	1.4453919830266386		ERROR			
uthash-2.0.2/uthash_FNV_test10-3.yml	true	true	1.59835695	1.5903032020432875		ERROR			
uthash-2.0.2/uthash_FNV_test2-2.yml	true	true	0.556022137	0.5483083199942484		ERROR			
uthash-2.0.2/uthash_FNV_test3-1.yml	true	true	0.546247072	0.5384422319475561		ERROR			
uthash-2.0.2/uthash_FNV_test3-2.yml	true	true	0.612182507	0.6045979920309037		ERROR			
uthash-2.0.2/uthash_FNV_test4-2.yml	true	true	0.741870953	0.7345079820370302		ERROR			
uthash-2.0.2/uthash_FNV_test4-3.yml	true	true	0.787144824	0.7795721120201051		ERROR			
uthash-2.0.2/uthash_FNV_test5-2.yml	true	true	0.843228771	0.8362840500194579		ERROR			
uthash-2.0.2/uthash_FNV_test5-3.yml	true	true	0.912025882	0.9040359720820561		ERROR			
uthash-2.0.2/uthash_FNV_test6-1.yml	true	true	0.572971679	0.565481259021908		ERROR			
uthash-2.0.2/uthash_FNV_test6-2.yml	true	true	0.616811123	0.6091286559822038		ERROR			
uthash-2.0.2/uthash_FNV_test7-1.yml	true	true	1.140259558	1.1341596780112013		ERROR			
uthash-2.0.2/uthash_FNV_test7-2.yml	true	true	1.203564554	1.1954725299729034		ERROR			
uthash-2.0.2/uthash_FNV_test8-1.yml	true	true	0.502941076	0.4945929429959506		ERROR			
uthash-2.0.2/uthash_FNV_test8-2.yml	true	true	0.586570149	0.5789189450442791		ERROR			
uthash-2.0.2/uthash_FNV_test9-1.yml	true	true	2.601839034	2.595140482066199		ERROR			
uthash-2.0.2/uthash_FNV_test9-2.yml	true	true	2.712585344	2.7045343860518187		ERROR			
uthash-2.0.2/uthash_JEN_test1-2.yml	true	true	0.470811862	0.46315682400017977		ERROR			
uthash-2.0.2/uthash_JEN_test10-1.yml	true	true	1.177215828	1.1690347540425137		ERROR			
uthash-2.0.2/uthash_JEN_test10-2.yml	true	true	1.414732922	1.4074661179911345		ERROR			
uthash-2.0.2/uthash_JEN_test10-3.yml	true	true	2.000968729	1.9933295929804444		ERROR			
uthash-2.0.2/uthash_JEN_test2-2.yml	true	true	0.520406113	0.512472053989768		ERROR			
uthash-2.0.2/uthash_JEN_test3-1.yml	true	true	0.5815839	0.5735882419394329		ERROR			
uthash-2.0.2/uthash_JEN_test3-2.yml	true	true	0.622171803	0.6150504770921543		ERROR			
uthash-2.0.2/uthash_JEN_test4-2.yml	true	true	0.737646049	0.7295567690161988		ERROR			
uthash-2.0.2/uthash_JEN_test4-3.yml	true	true	0.82770729	0.8200805629603565		ERROR			
uthash-2.0.2/uthash_JEN_test5-2.yml	true	true	0.834867417	0.8265731410356238		ERROR			
uthash-2.0.2/uthash_JEN_test5-3.yml	true	true	0.92926439	0.9212441749405116		ERROR			
uthash-2.0.2/uthash_JEN_test6-1.yml	true	true	0.546571163	0.5386760119581595		ERROR			
uthash-2.0.2/uthash_JEN_test6-2.yml	true	true	0.604133975	0.5965692920144647		ERROR			
uthash-2.0.2/uthash_JEN_test7-1.yml	true	true	1.244889705	1.7921262319432572		ERROR			
uthash-2.0.2/uthash_JEN_test7-2.yml	true	true	1.195305829	1.1871052499627694		ERROR			
uthash-2.0.2/uthash_JEN_test8-1.yml	true	true	0.505061921	0.49734554905444384		ERROR			
uthash-2.0.2/uthash_JEN_test8-2.yml	true	true	0.596621372	0.5892999150091782		ERROR			
uthash-2.0.2/uthash_JEN_test9-1.yml	true	true	2.513914145	2.505648248945363		ERROR			
uthash-2.0.2/uthash_JEN_test9-2.yml	true	true	2.695377353	2.6875336739467457		ERROR			
uthash-2.0.2/uthash_OAT_test1-2.yml	true	true	0.46173981	0.4541902970522642		ERROR			
uthash-2.0.2/uthash_OAT_test10-1.yml	true	true	1.205277051	1.1975245180074126		ERROR			
uthash-2.0.2/uthash_OAT_test10-2.yml	true	true	1.445524244	1.4381372360512614		ERROR			
uthash-2.0.2/uthash_OAT_test10-3.yml	true	true	1.643063927	1.634700975031592		ERROR			
uthash-2.0.2/uthash_OAT_test2-2.yml	true	true	0.521933391	0.5141274209599942		ERROR			
uthash-2.0.2/uthash_OAT_test3-1.yml	true	true	0.531365777	0.5233388569904491		ERROR			
uthash-2.0.2/uthash_OAT_test3-2.yml	true	true	0.612901184	0.6050963710295036		ERROR			
uthash-2.0.2/uthash_OAT_test4-2.yml	true	true	0.719841199	0.7399371640058234		ERROR			
uthash-2.0.2/uthash_OAT_test4-3.yml	true	true	0.80018841	0.7941236069891602		ERROR			
uthash-2.0.2/uthash_OAT_test5-2.yml	true	true	0.837538199	0.8298087189905345		ERROR			
uthash-2.0.2/uthash_OAT_test5-3.yml	true	true	0.941835661	0.9343203000025824		ERROR			
uthash-2.0.2/uthash_OAT_test6-1.yml	true	true	0.57554562	0.5679258450400084		ERROR			
uthash-2.0.2/uthash_OAT_test6-2.yml	true	true	0.625090324	0.6168925240635872		ERROR			
uthash-2.0.2/uthash_OAT_test7-1.yml	true	true	1.121549006	1.1142828569281846		ERROR			
uthash-2.0.2/uthash_OAT_test7-2.yml	true	true	1.225078031	1.2178004289744422		ERROR			
uthash-2.0.2/uthash_OAT_test8-1.yml	true	true	0.526004318	0.5181199830258265		ERROR			
uthash-2.0.2/uthash_OAT_test8-2.yml	true	true	0.5990897	0.5919282350223511		ERROR			
uthash-2.0.2/uthash_OAT_test9-1.yml	true	true	2.554767854	2.5771023670677096		ERROR			
uthash-2.0.2/uthash_OAT_test9-2.yml	true	true	2.710253563	2.7026896929601207		ERROR			
uthash-2.0.2/uthash_SAX_test1-2.yml	true	true	0.49772173	0.49023922602646053		ERROR			
uthash-2.0.2/uthash_SAX_test10-1.yml	true	true	1.153743058	1.1456410869723186		ERROR			
uthash-2.0.2/uthash_SAX_test10-2.yml	true	true	1.709631989	1.701311554061249		ERROR			
uthash-2.0.2/uthash_SAX_test10-3.yml	true	true	1.63625575	1.630458758911118		ERROR			
uthash-2.0.2/uthash_SAX_test2-2.yml	true	true	0.516876538	0.5089608780108392		ERROR			
uthash-2.0.2/uthash_SAX_test3-1.yml	true	true	0.533750627	0.526356047950685		ERROR			
uthash-2.0.2/uthash_SAX_test3-2.yml	true	true	0.587537755	0.5795745950890705		ERROR			
uthash-2.0.2/uthash_SAX_test4-2.yml	true	true	0.730684385	0.7517570600612089		ERROR			
uthash-2.0.2/uthash_SAX_test4-3.yml	true	true	0.78342624	0.7757595749571919		ERROR			
uthash-2.0.2/uthash_SAX_test5-2.yml	true	true	0.796477519	0.7903922729892656		ERROR			
uthash-2.0.2/uthash_SAX_test5-3.yml	true	true	0.916506537	0.9095399290090427		ERROR			
uthash-2.0.2/uthash_SAX_test6-1.yml	true	true	0.558296321	0.5505799519596621		ERROR			
uthash-2.0.2/uthash_SAX_test6-2.yml	true	true	0.613957858	0.6059481760021299		ERROR			
uthash-2.0.2/uthash_SAX_test7-1.yml	true	true	1.126098801	1.119215211016126		ERROR			
uthash-2.0.2/uthash_SAX_test7-2.yml	true	true	1.203586986	1.1957077899714932		ERROR			
uthash-2.0.2/uthash_SAX_test8-1.yml	true	true	0.538321882	0.5310312639921904		ERROR			
uthash-2.0.2/uthash_SAX_test8-2.yml	true	true	0.588059508	0.5804483270039782		ERROR			
uthash-2.0.2/uthash_SAX_test9-1.yml	true	true	2.633606662	2.627658343059011		ERROR			
uthash-2.0.2/uthash_SAX_test9-2.yml	true	true	2.68309467	2.675243138917722		ERROR			
uthash-2.0.2/uthash_SFH_test1-2.yml	true	true	0.474286912	0.4662310059648007		ERROR			
uthash-2.0.2/uthash_SFH_test10-1.yml	true	true	1.169146602	1.1606279260013252		ERROR			
uthash-2.0.2/uthash_SFH_test10-2.yml	true	true	1.413617483	1.405579482903704		ERROR			
uthash-2.0.2/uthash_SFH_test10-3.yml	true	true	1.603457937	1.5975397349102423		ERROR			
uthash-2.0.2/uthash_SFH_test2-2.yml	true	true	0.51931505	0.5114489429397509		ERROR			
uthash-2.0.2/uthash_SFH_test3-1.yml	true	true	0.562421998	0.5544701969483867		ERROR			
uthash-2.0.2/uthash_SFH_test3-2.yml	true	true	0.598915953	0.5910429080249742		ERROR			
uthash-2.0.2/uthash_SFH_test4-2.yml	true	true	0.737228796	0.7296115360222757		ERROR			
uthash-2.0.2/uthash_SFH_test4-3.yml	true	true	0.798123023	0.7897848410066217		ERROR			
uthash-2.0.2/uthash_SFH_test5-2.yml	true	true	0.805125483	0.7979403880890459		ERROR			
uthash-2.0.2/uthash_SFH_test5-3.yml	true	true	1.11943528	1.111699532950297		ERROR			
uthash-2.0.2/uthash_SFH_test6-1.yml	true	true	0.579591454	0.5727100960211828		ERROR			
uthash-2.0.2/uthash_SFH_test6-2.yml	true	true	0.645674973	0.6389767499640584		ERROR			
uthash-2.0.2/uthash_SFH_test7-1.yml	true	true	1.118428333	1.1106313299387693		ERROR			
uthash-2.0.2/uthash_SFH_test7-2.yml	true	true	1.172194082	1.166236757999286		ERROR			
uthash-2.0.2/uthash_SFH_test8-1.yml	true	true	0.533196618	0.5257148970849812		ERROR			
uthash-2.0.2/uthash_SFH_test8-2.yml	true	true	0.61900674	0.6129953750642017		ERROR			
uthash-2.0.2/uthash_SFH_test9-1.yml	true	true	2.506000086	2.4988188929855824		ERROR			
uthash-2.0.2/uthash_SFH_test9-2.yml	true	true	2.680756421	2.6730050819460303		ERROR			
